Type,Parent Item Number,Child Item Number,Description,C-Qty,,
LRD,026368-004-06565,026205-153-03000,Conveyor Channel,2,,
LRD,026368-004-06565,018426-120-00520,Crossmember reinforced DOTM Fumo LRD PnP,3,,
LRD,026368-004-06565,013064-917-00460,Straight Drive Roller PM500FE-60,5,,
LRD,026368-004-06565,009249-453-00001,Assy anti-skewing bracket MDR,5,,
LRD,026368-004-06565,013870-028-00001,Assy Cabling CBM-50E (1 Dir M12) with Healthy signal,5,,
LRD,026368-004-06565,012632-958-00458,?50 Slave roller single side Poly-V belt Axle EL=458 L=480mm,35,,
LRD,026368-004-06565,012632-907-00001,Poly-V Belt 2PJ,35,,
LRD,026368-004-06565,009249-471-00001,"Assy finger protection poly-v belt / roller, pitch 75mm",35,,
LRD,026368-004-06565,018426-097-00001,Strip DOTM Fumo LRD PnP,6,,
LRD,026368-004-06565,002370-89210,Nut hex M10 DIN934 CL8 flZn/nc/L/600H ISO10683,24,,
LRD,026368-004-06565,002418-10025,Screw HS FT M10x25 ISO4762 CL8.8 flZn/nc/L/600H ISO10683,24,,
LRD,026368-004-06565,002766-00010,Washer contact toothed M10 grounding flZn/nc/L/600H ISO10683,48,,
LRD,026368-004-06571,026207-052-00750,Conveyor channel,2,520,3000
LRD,026368-004-06571,018426-120-00520,Crossmember reinforced DOTM Fumo LRD PnP,1,620,3000
LRD,026368-004-06571,013064-917-00460,Straight Drive Roller PM500FE-60,1,720,3000
LRD,026368-004-06571,009249-453-00001,Assy anti-skewing bracket MDR,1,820,3000
LRD,026368-004-06571,013870-028-00001,Assy Cabling CBM-50E (1 Dir M12) with Healthy signal,1,520,300
LRD,026368-004-06571,012632-958-00458,?50 Slave roller single side Poly-V belt Axle EL=458 L=480mm,9,,
LRD,026368-004-06571,012632-907-00001,Poly-V Belt 2PJ,9,,
LRD,026368-004-06571,009249-471-00001,"Assy finger protection poly-v belt / roller, pitch 75mm",9,,
LRD,026368-004-06571,018426-097-00001,Strip DOTM Fumo LRD PnP,2,,
LRD,026368-004-06571,002370-89210,Nut hex M10 DIN934 CL8 flZn/nc/L/600H ISO10683,8,,
LRD,026368-004-06571,002418-10025,Screw HS FT M10x25 ISO4762 CL8.8 flZn/nc/L/600H ISO10683,8,,
LRD,026368-004-06571,002766-00010,Washer contact toothed M10 grounding flZn/nc/L/600H ISO10683,16,,
LRD,026368-004-06572,026205-153-01500,Conveyor Channel,2,,
LRD,026368-004-06572,018426-120-00520,Crossmember reinforced DOTM Fumo LRD PnP,2,,
LRD,026368-004-06572,013064-917-00460,Straight Drive Roller PM500FE-60,2,,
LRD,026368-004-06572,009249-453-00001,Assy anti-skewing bracket MDR,2,,
LRD,026368-004-06572,013870-028-00001,Assy Cabling CBM-50E (1 Dir M12) with Healthy signal,2,,
LRD,026368-004-06572,012632-958-00458,?50 Slave roller single side Poly-V belt Axle EL=458 L=480mm,18,,
LRD,026368-004-06572,012632-907-00001,Poly-V Belt 2PJ,18,,
LRD,026368-004-06572,009249-471-00001,"Assy finger protection poly-v belt / roller, pitch 75mm",18,,
LRD,026368-004-06572,018426-097-00001,Strip DOTM Fumo LRD PnP,4,,
LRD,026368-004-06572,002370-89210,Nut hex M10 DIN934 CL8 flZn/nc/L/600H ISO10683,16,,
LRD,026368-004-06572,002418-10025,Screw HS FT M10x25 ISO4762 CL8.8 flZn/nc/L/600H ISO10683,16,,
LRD,026368-004-06572,002766-00010,Washer contact toothed M10 grounding flZn/nc/L/600H ISO10683,32,,
LRD,026368-004-06573,026207-052-02250,Conveyor channel,2,,
LRD,026368-004-06573,018426-120-00520,Crossmember reinforced DOTM Fumo LRD PnP,2,,
LRD,026368-004-06573,013064-917-00460,Straight Drive Roller PM500FE-60,3,,
LRD,026368-004-06573,009249-453-00001,Assy anti-skewing bracket MDR,3,,
LRD,026368-004-06573,013870-028-00001,Assy Cabling CBM-50E (1 Dir M12) with Healthy signal,3,,
LRD,026368-004-06573,012632-958-00458,?50 Slave roller single side Poly-V belt Axle EL=458 L=480mm,27,,
LRD,026368-004-06573,012632-907-00001,Poly-V Belt 2PJ,27,,
LRD,026368-004-06573,009249-471-00001,"Assy finger protection poly-v belt / roller, pitch 75mm",27,,
LRD,026368-004-06573,018426-097-00001,Strip DOTM Fumo LRD PnP,4,,
LRD,026368-004-06573,002370-89210,Nut hex M10 DIN934 CL8 flZn/nc/L/600H ISO10683,16,,
LRD,026368-004-06573,002418-10025,Screw HS FT M10x25 ISO4762 CL8.8 flZn/nc/L/600H ISO10683,16,,
LRD,026368-004-06573,002766-00010,Washer contact toothed M10 grounding flZn/nc/L/600H ISO10683,32,,
LRD,026368-004-06574,026205-153-03000,Conveyor Channel,2,,
LRD,026368-004-06574,018426-120-00520,Crossmember reinforced DOTM Fumo LRD PnP,3,,
LRD,026368-004-06574,013064-917-00460,Straight Drive Roller PM500FE-60,4,,
LRD,026368-004-06574,009249-453-00001,Assy anti-skewing bracket MDR,4,,
LRD,026368-004-06574,013870-028-00001,Assy Cabling CBM-50E (1 Dir M12) with Healthy signal,4,,
LRD,026368-004-06574,012632-958-00458,?50 Slave roller single side Poly-V belt Axle EL=458 L=480mm,36,,
LRD,026368-004-06574,012632-907-00001,Poly-V Belt 2PJ,36,,
LRD,026368-004-06574,009249-471-00001,"Assy finger protection poly-v belt / roller, pitch 75mm",36,,
LRD,026368-004-06574,018426-097-00001,Strip DOTM Fumo LRD PnP,6,,
LRD,026368-004-06574,002370-89210,Nut hex M10 DIN934 CL8 flZn/nc/L/600H ISO10683,24,,
LRD,026368-004-06574,002418-10025,Screw HS FT M10x25 ISO4762 CL8.8 flZn/nc/L/600H ISO10683,24,,
LRD,026368-004-06574,002766-00010,Washer contact toothed M10 grounding flZn/nc/L/600H ISO10683,48,,
LRD,026368-004-06581,026207-052-00825,Conveyor channel,2,,
LRD,026368-004-06581,018426-120-00520,Crossmember reinforced DOTM Fumo LRD PnP,1,,
LRD,026368-004-06581,013064-917-00460,Straight Drive Roller PM500FE-60,1,,
LRD,026368-004-06581,009249-453-00001,Assy anti-skewing bracket MDR,1,,
LRD,026368-004-06581,013870-028-00001,Assy Cabling CBM-50E (1 Dir M12) with Healthy signal,1,,
LRD,026368-004-06581,012632-958-00458,?50 Slave roller single side Poly-V belt Axle EL=458 L=480mm,10,,
LRD,026368-004-06581,012632-907-00001,Poly-V Belt 2PJ,10,,
LRD,026368-004-06581,009249-471-00001,"Assy finger protection poly-v belt / roller, pitch 75mm",10,,
LRD,026368-004-06581,018426-097-00001,Strip DOTM Fumo LRD PnP,2,,
LRD,026368-004-06581,002370-89210,Nut hex M10 DIN934 CL8 flZn/nc/L/600H ISO10683,8,,
LRD,026368-004-06581,002418-10025,Screw HS FT M10x25 ISO4762 CL8.8 flZn/nc/L/600H ISO10683,8,,
LRD,026368-004-06581,002766-00010,Washer contact toothed M10 grounding flZn/nc/L/600H ISO10683,16,,
LRD,026368-004-16571,026207-052-00750,Conveyor channel,2,,
LRD,026368-004-16571,018426-120-00520,Crossmember reinforced DOTM Fumo LRD PnP,1,,
LRD,026368-004-16571,013064-917-10460,Straight Drive Roller PM500FE-60,1,,
LRD,026368-004-16571,009249-453-00001,Assy anti-skewing bracket MDR,1,,
LRD,026368-004-16571,013064-782-00001,Assy Cabling CBM-50E (1 Dir M12),1,,
LRD,026368-004-16571,075992-001-00458,Slave Roller Poly-V Belt With PVC Covering,9,,
LRD,026368-004-16571,012632-907-00001,Poly-V Belt 2PJ,9,,
LRD,026368-004-16571,009249-471-00001,"Assy finger protection poly-v belt / roller, pitch 75mm",9,,
LRD,026368-004-16571,018426-097-00001,Strip DOTM Fumo LRD PnP,2,,
LRD,026368-004-16571,002370-89210,Nut hex M10 DIN934 CL8 flZn/nc/L/600H ISO10683,8,,
LRD,026368-004-16571,002418-10025,Screw HS FT M10x25 ISO4762 CL8.8 flZn/nc/L/600H ISO10683,8,,
LRD,026368-004-16571,002766-00010,Washer contact toothed M10 grounding flZn/nc/L/600H ISO10683,16,,
LRD,026368-004-16572,026205-153-01500,Conveyor Channel,2,,
LRD,026368-004-16572,018426-120-00520,Crossmember reinforced DOTM Fumo LRD PnP,2,,
LRD,026368-004-16572,013064-917-10460,Straight Drive Roller PM500FE-60,2,,
LRD,026368-004-16572,009249-453-00001,Assy anti-skewing bracket MDR,2,,
LRD,026368-004-16572,013064-782-00001,Assy Cabling CBM-50E (1 Dir M12),2,,
LRD,026368-004-16572,075992-001-00458,Slave Roller Poly-V Belt With PVC Covering,18,,
LRD,026368-004-16572,012632-907-00001,Poly-V Belt 2PJ,18,,
LRD,026368-004-16572,009249-471-00001,"Assy finger protection poly-v belt / roller, pitch 75mm",18,,
LRD,026368-004-16572,018426-097-00001,Strip DOTM Fumo LRD PnP,4,,
LRD,026368-004-16572,002370-89210,Nut hex M10 DIN934 CL8 flZn/nc/L/600H ISO10683,16,,
LRD,026368-004-16572,002418-10025,Screw HS FT M10x25 ISO4762 CL8.8 flZn/nc/L/600H ISO10683,16,,
LRD,026368-004-16572,002766-00010,Washer contact toothed M10 grounding flZn/nc/L/600H ISO10683,32,,
LRD,026368-004-16573,026207-052-02250,Conveyor channel,2,,
LRD,026368-004-16573,018426-120-00520,Crossmember reinforced DOTM Fumo LRD PnP,2,,
LRD,026368-004-16573,013064-917-10460,Straight Drive Roller PM500FE-60,3,,
LRD,026368-004-16573,009249-453-00001,Assy anti-skewing bracket MDR,3,,
LRD,026368-004-16573,013064-782-00001,Assy Cabling CBM-50E (1 Dir M12),3,,
LRD,026368-004-16573,075992-001-00458,Slave Roller Poly-V Belt With PVC Covering,27,,
LRD,026368-004-16573,012632-907-00001,Poly-V Belt 2PJ,27,,
LRD,026368-004-16573,009249-471-00001,"Assy finger protection poly-v belt / roller, pitch 75mm",27,,
LRD,026368-004-16573,018426-097-00001,Strip DOTM Fumo LRD PnP,4,,
LRD,026368-004-16573,002370-89210,Nut hex M10 DIN934 CL8 flZn/nc/L/600H ISO10683,16,,
LRD,026368-004-16573,002418-10025,Screw HS FT M10x25 ISO4762 CL8.8 flZn/nc/L/600H ISO10683,16,,
LRD,026368-004-16573,002766-00010,Washer contact toothed M10 grounding flZn/nc/L/600H ISO10683,32,,
LRD,026368-004-16574,026205-153-03000,Conveyor Channel,2,,
LRD,026368-004-16574,018426-120-00520,Crossmember reinforced DOTM Fumo LRD PnP,3,,
LRD,026368-004-16574,013064-917-10460,Straight Drive Roller PM500FE-60,4,,
LRD,026368-004-16574,009249-453-00001,Assy anti-skewing bracket MDR,4,,
LRD,026368-004-16574,013064-782-00001,Assy Cabling CBM-50E (1 Dir M12),4,,
LRD,026368-004-16574,075992-001-00458,Slave Roller Poly-V Belt With PVC Covering,36,,
LRD,026368-004-16574,012632-907-00001,Poly-V Belt 2PJ,36,,
LRD,026368-004-16574,009249-471-00001,"Assy finger protection poly-v belt / roller, pitch 75mm",36,,
LRD,026368-004-16574,018426-097-00001,Strip DOTM Fumo LRD PnP,6,,
LRD,026368-004-16574,002370-89210,Nut hex M10 DIN934 CL8 flZn/nc/L/600H ISO10683,24,,
LRD,026368-004-16574,002418-10025,Screw HS FT M10x25 ISO4762 CL8.8 flZn/nc/L/600H ISO10683,24,,
LRD,026368-004-16574,002766-00010,Washer contact toothed M10 grounding flZn/nc/L/600H ISO10683,48,,
LRD,026368-004-16581,026207-052-00825,Conveyor channel,2,,
LRD,026368-004-16581,018426-120-00520,Crossmember reinforced DOTM Fumo LRD PnP,1,,
LRD,026368-004-16581,013064-917-10460,Straight Drive Roller PM500FE-60,1,,
LRD,026368-004-16581,009249-453-00001,Assy anti-skewing bracket MDR,1,,
LRD,026368-004-16581,013064-782-00001,Assy Cabling CBM-50E (1 Dir M12),1,,
LRD,026368-004-16581,075992-001-00458,Slave Roller Poly-V Belt With PVC Covering,10,,
LRD,026368-004-16581,012632-907-00001,Poly-V Belt 2PJ,10,,
LRD,026368-004-16581,009249-471-00001,"Assy finger protection poly-v belt / roller, pitch 75mm",10,,
LRD,026368-004-16581,018426-097-00001,Strip DOTM Fumo LRD PnP,2,,
LRD,026368-004-16581,002370-89210,Nut hex M10 DIN934 CL8 flZn/nc/L/600H ISO10683,8,,
LRD,026368-004-16581,002418-10025,Screw HS FT M10x25 ISO4762 CL8.8 flZn/nc/L/600H ISO10683,8,,
LRD,026368-004-16581,002766-00010,Washer contact toothed M10 grounding flZn/nc/L/600H ISO10683,16,,
LRD,026368-004-16584,026207-052-03300,Conveyor channel,2,,
LRD,026368-004-16584,018426-120-00520,Crossmember reinforced DOTM Fumo LRD PnP,3,,
LRD,026368-004-16584,013064-917-10460,Straight Drive Roller PM500FE-60,4,,
LRD,026368-004-16584,009249-453-00001,Assy anti-skewing bracket MDR,4,,
LRD,026368-004-16584,013064-782-00001,Assy Cabling CBM-50E (1 Dir M12),4,,
LRD,026368-004-16584,075992-001-00458,Slave Roller Poly-V Belt With PVC Covering,40,,
LRD,026368-004-16584,012632-907-00001,Poly-V Belt 2PJ,40,,
LRD,026368-004-16584,009249-471-00001,"Assy finger protection poly-v belt / roller, pitch 75mm",40,,
LRD,026368-004-16584,018426-097-00001,Strip DOTM Fumo LRD PnP,6,,
LRD,026368-004-16584,002370-89210,Nut hex M10 DIN934 CL8 flZn/nc/L/600H ISO10683,24,,
LRD,026368-004-16584,002418-10025,Screw HS FT M10x25 ISO4762 CL8.8 flZn/nc/L/600H ISO10683,24,,
LRD,026368-004-16584,002766-00010,Washer contact toothed M10 grounding flZn/nc/L/600H ISO10683,48,,
LRD,026368-004-16642,026207-052-00900,Conveyor channel,2,,
LRD,026368-004-16642,018426-120-00620,Crossmember reinforced DOTM Fumo LRD PnP,1,,
LRD,026368-004-16642,013064-917-10560,Straight Drive Roller PM500FE-60,2,,
LRD,026368-004-16642,009249-453-00001,Assy anti-skewing bracket MDR,2,,
LRD,026368-004-16642,013064-782-00001,Assy Cabling CBM-50E (1 Dir M12),2,,
LRD,026368-004-16642,075992-001-00558,Slave Roller Poly-V Belt With PVC Covering,10,,
LRD,026368-004-16642,012632-907-00001,Poly-V Belt 2PJ,10,,
LRD,026368-004-16642,009249-471-00001,"Assy finger protection poly-v belt / roller, pitch 75mm",10,,
LRD,026368-004-16642,018426-097-00001,Strip DOTM Fumo LRD PnP,2,,
LRD,026368-004-16642,002370-89210,Nut hex M10 DIN934 CL8 flZn/nc/L/600H ISO10683,8,,
LRD,026368-004-16642,002418-10025,Screw HS FT M10x25 ISO4762 CL8.8 flZn/nc/L/600H ISO10683,8,,
LRD,026368-004-16642,002766-00010,Washer contact toothed M10 grounding flZn/nc/L/600H ISO10683,16,,
LRD,026368-004-16661,026207-052-00600,Conveyor channel,2,,
LRD,026368-004-16661,018426-120-00620,Crossmember reinforced DOTM Fumo LRD PnP,1,,
LRD,026368-004-16661,013064-917-10560,Straight Drive Roller PM500FE-60,1,,
LRD,026368-004-16661,009249-453-00001,Assy anti-skewing bracket MDR,1,,
LRD,026368-004-16661,013064-782-00001,Assy Cabling CBM-50E (1 Dir M12),1,,
LRD,026368-004-16661,075992-001-00558,Slave Roller Poly-V Belt With PVC Covering,7,,
LRD,026368-004-16661,012632-907-00001,Poly-V Belt 2PJ,7,,
LRD,026368-004-16661,009249-471-00001,"Assy finger protection poly-v belt / roller, pitch 75mm",7,,
LRD,026368-004-16661,018426-097-00001,Strip DOTM Fumo LRD PnP,2,,
LRD,026368-004-16661,002370-89210,Nut hex M10 DIN934 CL8 flZn/nc/L/600H ISO10683,8,,
LRD,026368-004-16661,002418-10025,Screw HS FT M10x25 ISO4762 CL8.8 flZn/nc/L/600H ISO10683,8,,
LRD,026368-004-16661,002766-00010,Washer contact toothed M10 grounding flZn/nc/L/600H ISO10683,16,,
LRD,026368-004-16664,026207-052-02400,Conveyor channel,2,,
LRD,026368-004-16664,018426-120-00620,Crossmember reinforced DOTM Fumo LRD PnP,2,,
LRD,026368-004-16664,013064-917-10560,Straight Drive Roller PM500FE-60,4,,
LRD,026368-004-16664,009249-453-00001,Assy anti-skewing bracket MDR,4,,
LRD,026368-004-16664,013064-782-00001,Assy Cabling CBM-50E (1 Dir M12),4,,
LRD,026368-004-16664,075992-001-00558,Slave Roller Poly-V Belt With PVC Covering,28,,
LRD,026368-004-16664,012632-907-00001,Poly-V Belt 2PJ,28,,
LRD,026368-004-16664,009249-471-00001,"Assy finger protection poly-v belt / roller, pitch 75mm",28,,
LRD,026368-004-16664,018426-097-00001,Strip DOTM Fumo LRD PnP,4,,
LRD,026368-004-16664,002370-89210,Nut hex M10 DIN934 CL8 flZn/nc/L/600H ISO10683,16,,
LRD,026368-004-16664,002418-10025,Screw HS FT M10x25 ISO4762 CL8.8 flZn/nc/L/600H ISO10683,16,,
LRD,026368-004-16664,002766-00010,Washer contact toothed M10 grounding flZn/nc/L/600H ISO10683,32,,
BOR,030123-019-11152,026205-076-00520,Assy tilt ETU,1,,
BOR,030123-019-11152,026205-082-10520,Assy 24V end drive,1,,
BOR,030123-019-11152,009249-554-00001,Assy Cabling CBK-109FP (1 Dir M12),1,,
BOR,030123-019-11152,026207-052-00750,Conveyor channel,2,,
BOR,030123-019-11152,013064-687-00458,"?50 Slave roller with spring,St/hex Axle EL=458 L=480mm",4,,
BOR,030123-019-11152,026205-496-00520,Assy Cover,2,,
BOR,030123-019-11152,004552-04146,Belt EL0/V10 LG-SE black W=400 L=1460 endless tol acc elastic,1,,
BOR,030123-019-11162,026205-076-00620,Assy tilt ETU,1,,
BOR,030123-019-11162,026205-082-10620,Assy 24V end drive,1,,
BOR,030123-019-11162,009249-554-00001,Assy Cabling CBK-109FP (1 Dir M12),1,,
BOR,030123-019-11162,026207-052-00750,Conveyor channel,2,,
BOR,030123-019-11162,013064-687-00558,"?50 Slave roller with spring,St/hex Axle EL=558 L=580mm",4,,
BOR,030123-019-11162,026205-496-00620,Assy Cover,2,,
BOR,030123-019-11162,004552-05146,Belt EL0/V10 LG-SE black W=500 L=1469 endless tol acc elastic,1,,
BOR,030123-019-11252,026205-076-00520,Assy tilt ETU,1,,
BOR,030123-019-11252,026205-082-00520,Assy 24V end drive,1,,
BOR,030123-019-11252,009249-554-00001,Assy Cabling CBK-109FP (1 Dir M12),1,,
BOR,030123-019-11252,026207-052-00750,Conveyor channel,2,,
BOR,030123-019-11252,013064-687-00458,"?50 Slave roller with spring,St/hex Axle EL=458 L=480mm",4,,
BOR,030123-019-11252,026205-496-00520,Assy Cover,2,,
BOR,030123-019-11252,004552-04146,Belt EL0/V10 LG-SE black W=400 L=1460 endless tol acc elastic,1,,
BOR,030123-019-11262,026205-076-00620,Assy tilt ETU,1,,
BOR,030123-019-11262,026205-082-00620,Assy 24V end drive,1,,
BOR,030123-019-11262,009249-554-00001,Assy Cabling CBK-109FP (1 Dir M12),1,,
BOR,030123-019-11262,026207-052-00750,Conveyor channel,2,,
BOR,030123-019-11262,013064-687-00558,"?50 Slave roller with spring,St/hex Axle EL=558 L=580mm",4,,
BOR,030123-019-11262,026205-496-00620,Assy Cover,2,,
BOR,030123-019-11262,004552-05146,Belt EL0/V10 LG-SE black W=500 L=1469 endless tol acc elastic,1,,
BOR,030123-019-21152,026205-076-00520,Assy tilt ETU,2,,
BOR,030123-019-21152,026205-082-10520,Assy 24V end drive,2,,
BOR,030123-019-21152,009249-554-00001,Assy Cabling CBK-109FP (1 Dir M12),2,,
BOR,030123-019-21152,026207-052-01500,Conveyor channel,2,,
BOR,030123-019-21152,013064-687-00458,"?50 Slave roller with spring,St/hex Axle EL=458 L=480mm",8,,
BOR,030123-019-21152,026205-496-00520,Assy Cover,4,,
BOR,030123-019-21152,004552-04146,Belt EL0/V10 LG-SE black W=400 L=1460 endless tol acc elastic,2,,
BOR,030123-019-21252,026205-076-00520,Assy tilt ETU,2,,
BOR,030123-019-21252,026205-082-00520,Assy 24V end drive,2,,
BOR,030123-019-21252,009249-554-00001,Assy Cabling CBK-109FP (1 Dir M12),2,,
BOR,030123-019-21252,026207-052-01500,Conveyor channel,2,,
BOR,030123-019-21252,013064-687-00458,"?50 Slave roller with spring,St/hex Axle EL=458 L=480mm",8,,
BOR,030123-019-21252,026205-496-00520,Assy Cover,4,,
BOR,030123-019-21252,004552-04146,Belt EL0/V10 LG-SE black W=400 L=1460 endless tol acc elastic,2,,
BOR,030123-019-21262,026205-076-00620,Assy tilt ETU,2,,
BOR,030123-019-21262,026205-082-00620,Assy 24V end drive,2,,
BOR,030123-019-21262,009249-554-00001,Assy Cabling CBK-109FP (1 Dir M12),2,,
BOR,030123-019-21262,026207-052-01500,Conveyor channel,2,,
BOR,030123-019-21262,013064-687-00558,"?50 Slave roller with spring,St/hex Axle EL=558 L=580mm",8,,
BOR,030123-019-21262,026205-496-00620,Assy Cover,4,,
BOR,030123-019-21262,004552-05146,Belt EL0/V10 LG-SE black W=500 L=1469 endless tol acc elastic,2,,
BOR,030123-019-41152,026205-076-00520,Assy tilt ETU,4,,
BOR,030123-019-41152,026205-082-10520,Assy 24V end drive,4,,
BOR,030123-019-41152,009249-554-00001,Assy Cabling CBK-109FP (1 Dir M12),4,,
BOR,030123-019-41152,026205-153-03000,Conveyor Channel,2,,
BOR,030123-019-41152,013064-687-00458,"?50 Slave roller with spring,St/hex Axle EL=458 L=480mm",16,,
BOR,030123-019-41152,026205-496-00520,Assy Cover,8,,
BOR,030123-019-41152,004552-04146,Belt EL0/V10 LG-SE black W=400 L=1460 endless tol acc elastic,4,,
BOR,030123-019-41252,026205-076-00520,Assy tilt ETU,4,,
BOR,030123-019-41252,026205-082-00520,Assy 24V end drive,4,,
BOR,030123-019-41252,009249-554-00001,Assy Cabling CBK-109FP (1 Dir M12),4,,
BOR,030123-019-41252,026205-153-03000,Conveyor Channel,2,,
BOR,030123-019-41252,013064-687-00458,"?50 Slave roller with spring,St/hex Axle EL=458 L=480mm",16,,
BOR,030123-019-41252,026205-496-00520,Assy Cover,8,,
BOR,030123-019-41252,004552-04146,Belt EL0/V10 LG-SE black W=400 L=1460 endless tol acc elastic,4,,
BOR,030123-019-41262,026205-076-00620,Assy tilt ETU,4,,
BOR,030123-019-41262,026205-082-00620,Assy 24V end drive,4,,
BOR,030123-019-41262,009249-554-00001,Assy Cabling CBK-109FP (1 Dir M12),4,,
BOR,030123-019-41262,026205-153-03000,Conveyor Channel,2,,
BOR,030123-019-41262,013064-687-00558,"?50 Slave roller with spring,St/hex Axle EL=558 L=580mm",16,,
BOR,030123-019-41262,026205-496-00620,Assy Cover,8,,
BOR,030123-019-41262,004552-05146,Belt EL0/V10 LG-SE black W=500 L=1469 endless tol acc elastic,4,,
BOR,030123-023-11152,026205-076-00520,Assy tilt ETU,1,,
BOR,030123-023-11152,026205-082-10520,Assy 24V end drive,1,,
BOR,030123-023-11152,009249-554-00001,Assy Cabling CBK-109FP (1 Dir M12),1,,
BOR,030123-023-11152,026207-052-00900,Conveyor channel,2,,
BOR,030123-023-11152,013064-687-00458,"?50 Slave roller with spring,St/hex Axle EL=458 L=480mm",6,,
BOR,030123-023-11152,026205-496-00520,Assy Cover,2,,
BOR,030123-023-11152,004552-04174,Belt EL0/V10 LG-SE black W=400 L=1747 endless tol acc elastic,1,,
BOR,030123-023-11162,026205-076-00620,Assy tilt ETU,1,,
BOR,030123-023-11162,026205-082-10620,Assy 24V end drive,1,,
BOR,030123-023-11162,009249-554-00001,Assy Cabling CBK-109FP (1 Dir M12),1,,
BOR,030123-023-11162,026207-052-00900,Conveyor channel,2,,
BOR,030123-023-11162,013064-687-00558,"?50 Slave roller with spring,St/hex Axle EL=558 L=580mm",6,,
BOR,030123-023-11162,026205-496-00620,Assy Cover,2,,
BOR,030123-023-11162,004552-05175,Belt EL0/V10 LG-SE black W=500 L=1758 endless tol acc elastic,1,,
BOR,030123-023-21162,026205-076-00620,Assy tilt ETU,2,,
BOR,030123-023-21162,026205-082-10620,Assy 24V end drive,2,,
BOR,030123-023-21162,009249-554-00001,Assy Cabling CBK-109FP (1 Dir M12),2,,
BOR,030123-023-21162,026207-052-01800,Conveyor channel,2,,
BOR,030123-023-21162,013064-687-00558,"?50 Slave roller with spring,St/hex Axle EL=558 L=580mm",12,,
BOR,030123-023-21162,026205-496-00620,Assy Cover,4,,
BOR,030123-023-21162,004552-05175,Belt EL0/V10 LG-SE black W=500 L=1758 endless tol acc elastic,2,,
BOR,030123-023-21262,026205-076-00620,Assy tilt ETU,2,,
BOR,030123-023-21262,026205-082-00620,Assy 24V end drive,2,,
BOR,030123-023-21262,009249-554-00001,Assy Cabling CBK-109FP (1 Dir M12),2,,
BOR,030123-023-21262,026207-052-01800,Conveyor channel,2,,
BOR,030123-023-21262,013064-687-00558,"?50 Slave roller with spring,St/hex Axle EL=558 L=580mm",12,,
BOR,030123-023-21262,026205-496-00620,Assy Cover,4,,
BOR,030123-023-21262,004552-05175,Belt EL0/V10 LG-SE black W=500 L=1758 endless tol acc elastic,2,,
BOR,030123-023-41162,026205-076-00620,Assy tilt ETU,4,,
BOR,030123-023-41162,026205-082-10620,Assy 24V end drive,4,,
BOR,030123-023-41162,009249-554-00001,Assy Cabling CBK-109FP (1 Dir M12),4,,
BOR,030123-023-41162,026207-052-03600,Conveyor channel,2,,
BOR,030123-023-41162,013064-687-00558,"?50 Slave roller with spring,St/hex Axle EL=558 L=580mm",24,,
BOR,030123-023-41162,026205-496-00620,Assy Cover,8,,
BOR,030123-023-41162,004552-05175,Belt EL0/V10 LG-SE black W=500 L=1758 endless tol acc elastic,4,,
BOR,030123-023-41262,026205-076-00620,Assy tilt ETU,4,,
BOR,030123-023-41262,026205-082-00620,Assy 24V end drive,4,,
BOR,030123-023-41262,009249-554-00001,Assy Cabling CBK-109FP (1 Dir M12),4,,
BOR,030123-023-41262,026207-052-03600,Conveyor channel,2,,
BOR,030123-023-41262,013064-687-00558,"?50 Slave roller with spring,St/hex Axle EL=558 L=580mm",24,,
BOR,030123-023-41262,026205-496-00620,Assy Cover,8,,
BOR,030123-023-41262,004552-05175,Belt EL0/V10 LG-SE black W=500 L=1758 endless tol acc elastic,4,,
BF,030123-003-05070,030123-001-05071,BF Deck Pre-Assembly,1,,
BF,030123-003-05070,026207-052-00750,Conveyor channel,2,,
BF,030123-003-05070,002370-89210,Nut hex M10 DIN934 CL8 flZn/nc/L/600H ISO10683,4,,
BF,030123-003-05070,002418-10025,Screw HS FT M10x25 ISO4762 CL8.8 flZn/nc/L/600H ISO10683,4,,
BF,030123-003-05070,002766-00010,Washer contact toothed M10 grounding flZn/nc/L/600H ISO10683,8,,
BF,030123-003-05150,030123-001-05151,BF Deck Pre-Assembly,1,,
BF,030123-003-05150,026207-052-01500,Conveyor channel,2,,
BF,030123-003-05150,002370-89210,Nut hex M10 DIN934 CL8 flZn/nc/L/600H ISO10683,6,,
BF,030123-003-05150,002418-10025,Screw HS FT M10x25 ISO4762 CL8.8 flZn/nc/L/600H ISO10683,6,,
BF,030123-003-05150,002766-00010,Washer contact toothed M10 grounding flZn/nc/L/600H ISO10683,12,,
BF,030123-003-05301,030123-001-05301,BF Deck Pre-Assembly,1,,
BF,030123-003-05301,026205-153-03000,Conveyor Channel,2,,
BF,030123-003-05301,002370-89210,Nut hex M10 DIN934 CL8 flZn/nc/L/600H ISO10683,12,,
BF,030123-003-05301,026205-348-00520,Assy return roller SB L=Lmm,1,,
BF,030123-003-05301,002418-10025,Screw HS FT M10x25 ISO4762 CL8.8 flZn/nc/L/600H ISO10683,12,,
BF,030123-003-05301,002766-00010,Washer contact toothed M10 grounding flZn/nc/L/600H ISO10683,24,,
BF,030123-003-05302,030123-001-05301,BF Deck Pre-Assembly,1,,
BF,030123-003-05302,026205-153-03000,Conveyor Channel,2,,
BF,030123-003-05302,002370-89210,Nut hex M10 DIN934 CL8 flZn/nc/L/600H ISO10683,12,,
BF,030123-003-05302,026205-348-00520,Assy return roller SB L=Lmm,1,,
BF,030123-003-05302,002418-10025,Screw HS FT M10x25 ISO4762 CL8.8 flZn/nc/L/600H ISO10683,12,,
BF,030123-003-05302,002766-00010,Washer contact toothed M10 grounding flZn/nc/L/600H ISO10683,24,,
BF,030123-003-06070,030123-002-06070,Weldment BF Deck Pre-Assembly,1,,
BF,030123-003-06070,026207-052-00750,Conveyor channel,2,,
BF,030123-003-06070,002370-89210,Nut hex M10 DIN934 CL8 flZn/nc/L/600H ISO10683,4,,
BF,030123-003-06070,002418-10025,Screw HS FT M10x25 ISO4762 CL8.8 flZn/nc/L/600H ISO10683,4,,
BF,030123-003-06070,002766-00010,Washer contact toothed M10 grounding flZn/nc/L/600H ISO10683,8,,
BF,030123-003-06150,030123-002-06150,Weldment BF Deck Pre-Assembly,1,,
BF,030123-003-06150,026207-052-01500,Conveyor channel,2,,
BF,030123-003-06150,002370-89210,Nut hex M10 DIN934 CL8 flZn/nc/L/600H ISO10683,6,,
BF,030123-003-06150,002418-10025,Screw HS FT M10x25 ISO4762 CL8.8 flZn/nc/L/600H ISO10683,6,,
BF,030123-003-06150,002766-00010,Washer contact toothed M10 grounding flZn/nc/L/600H ISO10683,12,,
BF,030123-003-06301,030123-002-06300,Weldment BF Deck Pre-Assembly,1,,
BF,030123-003-06301,026205-153-03000,Conveyor Channel,2,,
BF,030123-003-06301,002370-89210,Nut hex M10 DIN934 CL8 flZn/nc/L/600H ISO10683,12,,
BF,030123-003-06301,026205-348-00620,Assy return roller SB L=Lmm,1,,
BF,030123-003-06301,002418-10025,Screw HS FT M10x25 ISO4762 CL8.8 flZn/nc/L/600H ISO10683,12,,
BF,030123-003-06301,002766-00010,Washer contact toothed M10 grounding flZn/nc/L/600H ISO10683,24,,
BF,030123-003-06302,030123-002-06300,Weldment BF Deck Pre-Assembly,1,,
BF,030123-003-06302,026205-153-03000,Conveyor Channel,2,,
BF,030123-003-06302,002370-89210,Nut hex M10 DIN934 CL8 flZn/nc/L/600H ISO10683,12,,
BF,030123-003-06302,026205-348-00620,Assy return roller SB L=Lmm,1,,
BF,030123-003-06302,002418-10025,Screw HS FT M10x25 ISO4762 CL8.8 flZn/nc/L/600H ISO10683,12,,
BF,030123-003-06302,002766-00010,Washer contact toothed M10 grounding flZn/nc/L/600H ISO10683,24,,
BF,030123-003-07070,030123-002-07070,Weldment BF Deck Pre-Assembly,1,,
BF,030123-003-07070,026207-052-00750,Conveyor channel,2,,
BF,030123-003-07070,002370-89210,Nut hex M10 DIN934 CL8 flZn/nc/L/600H ISO10683,4,,
BF,030123-003-07070,002418-10025,Screw HS FT M10x25 ISO4762 CL8.8 flZn/nc/L/600H ISO10683,4,,
BF,030123-003-07070,002766-00010,Washer contact toothed M10 grounding flZn/nc/L/600H ISO10683,8,,
BF,030123-003-07150,030123-002-07150,Weldment BF Deck Pre-Assembly,1,,
BF,030123-003-07150,026207-052-01500,Conveyor channel,2,,
BF,030123-003-07150,002370-89210,Nut hex M10 DIN934 CL8 flZn/nc/L/600H ISO10683,6,,
BF,030123-003-07150,002418-10025,Screw HS FT M10x25 ISO4762 CL8.8 flZn/nc/L/600H ISO10683,6,,
BF,030123-003-07150,002766-00010,Washer contact toothed M10 grounding flZn/nc/L/600H ISO10683,12,,
BF,030123-003-07301,030123-002-07300,Weldment BF Deck Pre-Assembly,1,,
BF,030123-003-07301,026205-153-03000,Conveyor Channel,2,,
BF,030123-003-07301,002370-89210,Nut hex M10 DIN934 CL8 flZn/nc/L/600H ISO10683,12,,
BF,030123-003-07301,026205-348-00720,Assy return roller SB L=Lmm,1,,
BF,030123-003-07301,002418-10025,Screw HS FT M10x25 ISO4762 CL8.8 flZn/nc/L/600H ISO10683,12,,
BF,030123-003-07301,002766-00010,Washer contact toothed M10 grounding flZn/nc/L/600H ISO10683,24,,
BF,030123-003-07302,030123-002-07300,Weldment BF Deck Pre-Assembly,1,,
BF,030123-003-07302,026205-153-03000,Conveyor Channel,2,,
BF,030123-003-07302,002370-89210,Nut hex M10 DIN934 CL8 flZn/nc/L/600H ISO10683,12,,
BF,030123-003-07302,026205-348-00720,Assy return roller SB L=Lmm,1,,
BF,030123-003-07302,002418-10025,Screw HS FT M10x25 ISO4762 CL8.8 flZn/nc/L/600H ISO10683,12,,
BF,030123-003-07302,002766-00010,Washer contact toothed M10 grounding flZn/nc/L/600H ISO10683,24,,
BF,030123-003-08070,030123-002-08070,Weldment BF Deck Pre-Assembly,1,,
BF,030123-003-08070,026207-052-00750,Conveyor channel,2,,
BF,030123-003-08070,002370-89210,Nut hex M10 DIN934 CL8 flZn/nc/L/600H ISO10683,4,,
BF,030123-003-08070,002418-10025,Screw HS FT M10x25 ISO4762 CL8.8 flZn/nc/L/600H ISO10683,4,,
BF,030123-003-08070,002766-00010,Washer contact toothed M10 grounding flZn/nc/L/600H ISO10683,8,,
BF,030123-003-08150,030123-002-08150,Weldment BF Deck Pre-Assembly,1,,
BF,030123-003-08150,026207-052-01500,Conveyor channel,2,,
BF,030123-003-08150,002370-89210,Nut hex M10 DIN934 CL8 flZn/nc/L/600H ISO10683,6,,
BF,030123-003-08150,002418-10025,Screw HS FT M10x25 ISO4762 CL8.8 flZn/nc/L/600H ISO10683,6,,
BF,030123-003-08150,002766-00010,Washer contact toothed M10 grounding flZn/nc/L/600H ISO10683,12,,
BF,030123-003-08301,030123-002-08300,Weldment BF Deck Pre-Assembly,1,,
BF,030123-003-08301,026205-153-03000,Conveyor Channel,2,,
BF,030123-003-08301,002370-89210,Nut hex M10 DIN934 CL8 flZn/nc/L/600H ISO10683,12,,
BF,030123-003-08301,026205-348-00820,Assy return roller SB L=Lmm,1,,
BF,030123-003-08301,002418-10025,Screw HS FT M10x25 ISO4762 CL8.8 flZn/nc/L/600H ISO10683,12,,
BF,030123-003-08301,002766-00010,Washer contact toothed M10 grounding flZn/nc/L/600H ISO10683,24,,
BF,030123-003-08302,030123-002-08300,Weldment BF Deck Pre-Assembly,1,,
BF,030123-003-08302,026205-153-03000,Conveyor Channel,2,,
BF,030123-003-08302,002370-89210,Nut hex M10 DIN934 CL8 flZn/nc/L/600H ISO10683,12,,
BF,030123-003-08302,026205-348-00820,Assy return roller SB L=Lmm,1,,
BF,030123-003-08302,002418-10025,Screw HS FT M10x25 ISO4762 CL8.8 flZn/nc/L/600H ISO10683,12,,
BF,030123-003-08302,002766-00010,Washer contact toothed M10 grounding flZn/nc/L/600H ISO10683,24,,
BF,030123-003-09070,030123-002-09070,Weldment BF Deck Pre-Assembly,1,,
BF,030123-003-09070,026207-052-00750,Conveyor channel,2,,
BF,030123-003-09070,002370-89210,Nut hex M10 DIN934 CL8 flZn/nc/L/600H ISO10683,4,,
BF,030123-003-09070,002418-10025,Screw HS FT M10x25 ISO4762 CL8.8 flZn/nc/L/600H ISO10683,4,,
BF,030123-003-09070,002766-00010,Washer contact toothed M10 grounding flZn/nc/L/600H ISO10683,8,,
BF,030123-003-09150,030123-002-09150,Weldment BF Deck Pre-Assembly,1,,
BF,030123-003-09150,026207-052-01500,Conveyor channel,2,,
BF,030123-003-09150,002370-89210,Nut hex M10 DIN934 CL8 flZn/nc/L/600H ISO10683,6,,
BF,030123-003-09150,002418-10025,Screw HS FT M10x25 ISO4762 CL8.8 flZn/nc/L/600H ISO10683,6,,
BF,030123-003-09150,002766-00010,Washer contact toothed M10 grounding flZn/nc/L/600H ISO10683,12,,
BF,030123-003-09301,030123-002-09300,Weldment BF Deck Pre-Assembly,1,,
BF,030123-003-09301,026205-153-03000,Conveyor Channel,2,,
BF,030123-003-09301,002370-89210,Nut hex M10 DIN934 CL8 flZn/nc/L/600H ISO10683,12,,
BF,030123-003-09301,026205-348-00920,Assy return roller SB L=Lmm,1,,
BF,030123-003-09301,002418-10025,Screw HS FT M10x25 ISO4762 CL8.8 flZn/nc/L/600H ISO10683,12,,
BF,030123-003-09301,002766-00010,Washer contact toothed M10 grounding flZn/nc/L/600H ISO10683,24,,
BF,030123-003-09302,030123-002-09300,Weldment BF Deck Pre-Assembly,1,,
BF,030123-003-09302,026205-153-03000,Conveyor Channel,2,,
BF,030123-003-09302,002370-89210,Nut hex M10 DIN934 CL8 flZn/nc/L/600H ISO10683,12,,
BF,030123-003-09302,026205-348-00920,Assy return roller SB L=Lmm,1,,
BF,030123-003-09302,002418-10025,Screw HS FT M10x25 ISO4762 CL8.8 flZn/nc/L/600H ISO10683,12,,
BF,030123-003-09302,002766-00010,Washer contact toothed M10 grounding flZn/nc/L/600H ISO10683,24,,
BF,030123-003-10070,030123-002-10070,Weldment BF Deck Pre-Assembly,1,,
BF,030123-003-10070,026207-052-00750,Conveyor channel,2,,
BF,030123-003-10070,002370-89210,Nut hex M10 DIN934 CL8 flZn/nc/L/600H ISO10683,4,,
BF,030123-003-10070,002418-10025,Screw HS FT M10x25 ISO4762 CL8.8 flZn/nc/L/600H ISO10683,4,,
BF,030123-003-10070,002766-00010,Washer contact toothed M10 grounding flZn/nc/L/600H ISO10683,8,,
BF,030123-003-10150,030123-002-10150,Weldment BF Deck Pre-Assembly,1,,
BF,030123-003-10150,026207-052-01500,Conveyor channel,2,,
BF,030123-003-10150,002370-89210,Nut hex M10 DIN934 CL8 flZn/nc/L/600H ISO10683,6,,
BF,030123-003-10150,002418-10025,Screw HS FT M10x25 ISO4762 CL8.8 flZn/nc/L/600H ISO10683,6,,
BF,030123-003-10150,002766-00010,Washer contact toothed M10 grounding flZn/nc/L/600H ISO10683,12,,
BF,030123-003-10301,030123-002-10300,Weldment BF Deck Pre-Assembly,1,,
BF,030123-003-10301,026205-153-03000,Conveyor Channel,2,,
BF,030123-003-10301,002370-89210,Nut hex M10 DIN934 CL8 flZn/nc/L/600H ISO10683,12,,
BF,030123-003-10301,026205-348-01020,Assy return roller SB L=Lmm,1,,
BF,030123-003-10301,002418-10025,Screw HS FT M10x25 ISO4762 CL8.8 flZn/nc/L/600H ISO10683,12,,
BF,030123-003-10301,002766-00010,Washer contact toothed M10 grounding flZn/nc/L/600H ISO10683,24,,
BF,030123-003-10302,030123-002-10300,Weldment BF Deck Pre-Assembly,1,,
BF,030123-003-10302,026205-153-03000,Conveyor Channel,2,,
BF,030123-003-10302,002370-89210,Nut hex M10 DIN934 CL8 flZn/nc/L/600H ISO10683,12,,
BF,030123-003-10302,026205-348-01020,Assy return roller SB L=Lmm,1,,
BF,030123-003-10302,002418-10025,Screw HS FT M10x25 ISO4762 CL8.8 flZn/nc/L/600H ISO10683,12,,
BF,030123-003-10302,002766-00010,Washer contact toothed M10 grounding flZn/nc/L/600H ISO10683,24,,
BF,030123-006-05300,030123-004-05300,BF Deck ETU Pre-Assembly,1,,
BF,030123-006-05300,026207-052-00300,Conveyor channel,2,,
BF,030123-006-05300,026205-233-00520,"Assy ETU standard BF (W=Wmm), roller L=Lmm",1,,
BF,030123-006-05300,002370-89210,Nut hex M10 DIN934 CL8 flZn/nc/L/600H ISO10683,6,,
BF,030123-006-05300,002418-10025,Screw HS FT M10x25 ISO4762 CL8.8 flZn/nc/L/600H ISO10683,6,,
BF,030123-006-05300,002766-00010,Washer contact toothed M10 grounding flZn/nc/L/600H ISO10683,10,,
BF,030123-006-06300,030123-004-06300,BF Deck ETU Pre-Assembly,1,,
BF,030123-006-06300,026207-052-00300,Conveyor channel,2,,
BF,030123-006-06300,026205-233-00620,"Assy ETU standard BF (W=Wmm), roller L=Lmm",1,,
BF,030123-006-06300,002370-89210,Nut hex M10 DIN934 CL8 flZn/nc/L/600H ISO10683,6,,
BF,030123-006-06300,002418-10025,Screw HS FT M10x25 ISO4762 CL8.8 flZn/nc/L/600H ISO10683,6,,
BF,030123-006-06300,002766-00010,Washer contact toothed M10 grounding flZn/nc/L/600H ISO10683,10,,
BF,030123-006-07300,030123-004-07300,BF Deck ETU Pre-Assembly,1,,
BF,030123-006-07300,026207-052-00300,Conveyor channel,2,,
BF,030123-006-07300,026205-233-00720,"Assy ETU standard BF (W=Wmm), roller L=Lmm",1,,
BF,030123-006-07300,002370-89210,Nut hex M10 DIN934 CL8 flZn/nc/L/600H ISO10683,6,,
BF,030123-006-07300,002418-10025,Screw HS FT M10x25 ISO4762 CL8.8 flZn/nc/L/600H ISO10683,6,,
BF,030123-006-07300,002766-00010,Washer contact toothed M10 grounding flZn/nc/L/600H ISO10683,10,,
BF,030123-006-08300,030123-004-08300,BF Deck ETU Pre-Assembly,1,,
BF,030123-006-08300,026207-052-00300,Conveyor channel,2,,
BF,030123-006-08300,026205-233-00820,"Assy ETU standard BF (W=Wmm), roller L=Lmm",1,,
BF,030123-006-08300,002370-89210,Nut hex M10 DIN934 CL8 flZn/nc/L/600H ISO10683,6,,
BF,030123-006-08300,002418-10025,Screw HS FT M10x25 ISO4762 CL8.8 flZn/nc/L/600H ISO10683,6,,
BF,030123-006-08300,002766-00010,Washer contact toothed M10 grounding flZn/nc/L/600H ISO10683,10,,
BF,030123-006-09300,030123-004-09300,BF Deck ETU Pre-Assembly,1,,
BF,030123-006-09300,026207-052-00300,Conveyor channel,2,,
BF,030123-006-09300,026205-233-00920,"Assy ETU standard BF (W=Wmm), roller L=Lmm",1,,
BF,030123-006-09300,002370-89210,Nut hex M10 DIN934 CL8 flZn/nc/L/600H ISO10683,6,,
BF,030123-006-09300,002418-10025,Screw HS FT M10x25 ISO4762 CL8.8 flZn/nc/L/600H ISO10683,6,,
BF,030123-006-09300,002766-00010,Washer contact toothed M10 grounding flZn/nc/L/600H ISO10683,10,,
BF,030123-006-10300,030123-004-10300,BF Deck ETU Pre-Assembly,1,,
BF,030123-006-10300,026207-052-00300,Conveyor channel,2,,
BF,030123-006-10300,026205-233-01020,"Assy ETU standard BF (W=Wmm), roller L=Lmm",1,,
BF,030123-006-10300,002370-89210,Nut hex M10 DIN934 CL8 flZn/nc/L/600H ISO10683,6,,
BF,030123-006-10300,002418-10025,Screw HS FT M10x25 ISO4762 CL8.8 flZn/nc/L/600H ISO10683,6,,
BF,030123-006-10300,002766-00010,Washer contact toothed M10 grounding flZn/nc/L/600H ISO10683,10,,
HW,012632-683-00001,002418-10025,Screw HS FT M10x25 ISO4762 CL8.8 flZn/nc/L/600H ISO10683,-1,,
HW,012632-683-00001,002370-89210,Nut hex M10 DIN934 CL8 flZn/nc/L/600H ISO10683,-1,,
HW,012632-683-00001,002766-00010,Washer contact toothed M10 grounding flZn/nc/L/600H ISO10683,-1,,
HW,012632-683-00001,012632-683-00001,Assy Standard Fasteners M10,1,,
,,,,,,
,,,,,,
,,,,,,
,,,,,,
,,,,,,
,,,,,,
,,,,,,
,,,,,,
,,,,,,
,,,,,,
,,,,,,
,,,,,,
,,,,,,
,,,,,,
,,,,,,
,,,,,,
,,,,,,
,,,,,,
,,,,,,
,,,,,,
,,,,,,
,,,,,,
,,,,,,
,,,,,,
,,,,,,
,,,,,,
,,,,,,
,,,,,,
,,,,,,
,,,,,,
